<?xml version="1.0" encoding="UTF-8"?>
<project-private xmlns="http://www.netbeans.org/ns/project-private/1">
    <editor-bookmarks xmlns="http://www.netbeans.org/ns/editor-bookmarks/2" lastBookmarkId="0"/>
    <open-files xmlns="http://www.netbeans.org/ns/projectui-open-files/2">
        <group>
            <file>file:/C:/Users/jtm5959/Documents/NetBeansProjects/JavaApplication2/src/javaapplication2/JavaApplication2.java</file>
            <file>file:/C:/Users/jtm5959/Documents/NetBeansProjects/JavaApplication2/src/javaapplication2/Tabla.java</file>
            <file>file:/C:/Users/jtm5959/Documents/NetBeansProjects/JavaApplication2/src/javaapplication2/VerResultado.java</file>
            <file>file:/C:/Users/jtm5959/Documents/NetBeansProjects/JavaApplication2/src/javaapplication2/RegistroE.java</file>
            <file>file:/C:/Users/jtm5959/Documents/NetBeansProjects/JavaApplication2/src/javaapplication2/BoletaElec.java</file>
            <file>file:/C:/Users/jtm5959/Documents/NetBeansProjects/JavaApplication2/src/javaapplication2/InicioS.java</file>
            <file>file:/C:/Users/jtm5959/Documents/NetBeansProjects/JavaApplication2/src/javaapplication2/Prueba.java</file>
            <file>file:/C:/Users/jtm5959/Documents/NetBeansProjects/JavaApplication2/src/javaapplication2/Estudiantes.java</file>
        </group>
    </open-files>
</project-private>
